page,text
24,"19
1.
Terminal
illness
According
to
the
International
Association
of
Hospice
and
Palliative
Care,
terminal
illness
is
a
progressive
condition
that
has
no
cure
and
that
can
be
reasonably
expected
to
cause
the
death
of
a
person
within
a
foreseeable
future.
The
definition
is
inclusive
of
both
malignant
and
non-
malignant
conditions
and
aging.
A
person
has
an
eventually
fatal
condition,
if
his/
her
death
in
the
foreseeable
future
would
not
be
a
surprise.
The
terms
eventually
fatal
or
terminal
condition
are
used
interchangeably.
In
reference
to
the
patient,
language
that
refers
to
living
with
an
eventually
fatal
or
terminal
condition
is
recommended
(27).
According
to
the
American
Cancer
Society,
it
is
an
irreversible
condition
that
in
the
near
future
will
result
in
death
or
a
state
of
permanent
unconsciousness
from
which
he/she
is
unlikely
to
recover.
In
most
states,
a
terminal
illness
is
defined
as
one
in
which
the
patient
will
die
“shortly”
whether
or
not
the
medical
treatment
is
given
(49).
According
to
the
Mosby’s
medical
dictionary,
terminal
illness
is
an
advanced
stage
of
a
disease
with
an
unfavourable
prognosis
and
no
known
cure.
Various
authorities
have
quoted
a
specific
duration
of
6
months
or
12
months.
However,
there
is
no
objective
evidence
to
support
time
frames.
Therefore,
this
document
does
not
provide
any
specific
time
frames.
2.
Actively
dying
Actively
dying
has
not
been
well
defined
in
the
literature.
It
is
normally
described
in
terms
of
the
last
hours
or
days
of
life,
and
presence
of
unique
signs
and
symptoms
preceding
death.
There
is
a
paucity
of
literature
on
the
signs
of
impending
death.
Further
studies
are
needed
to
examine
specific
signs
that
may
signal
that
the
patient
is
actively
dying
and
to
allow
clinicians
to
educate
family
members
and
make
appropriate
recommendations
toward
maximizing
comfort
and
minimizing
aggressive
measures
(27).
3.
Life
sustaining
treatment
According
to
the
British
Medical
Association,
this
refers
to
all
treatments
which
has
the
potential
to
postpone
the
patient’s
death
and
includes,
for
example,
cardiopulmonary
resuscitation,
artificial
ventilation,
blood
products,
pacemakers,
left
ventricular
assisted
devices,
vasopressors,
specialized
treatments
for
particular
conditions
such
as
chemotherapy
or
dialysis,
EXPLANATORY
NOTES"
25,"20
antibiotics
when
given
for
a
potentially
life-threatening
infection,
and
artificial
nutrition
and
hydration
(50).
4.
Potentially
inappropriate
treatment
According
to
the
official
policy
statement
of
the
American
Thoracic
Society,
the
American
Association
for
Critical
Care
Nurses,
the
American
College
of
Chest
Physicians,
the
European
Society
for
Intensive
Care
Medicine,
and
the
Society
of
Critical
Care
Medicine,
the
term
“potentially
inappropriate”
should
be
used,
rather
than
“futile,”
to
describe
treatments
that
have
at
least
some
chance
of
accomplishing
the
effect
sought
by
the
patient,
but
clinicians
believe
that
competing
ethical
considerations
justify
not
providing
them.
Clinicians
should
communicate
and
advocate
for
the
treatment
plan
they
believe
is
appropriate.
Requests
for
potentially
inappropriate
treatments
that
remain
intractable
despite
intensive
communication
and
negotiation
should
be
managed
by
a
fair
process
of
conflict
resolution
(51).
Justification:
The
committee
recommends
use
of
the
term
“potentially
inappropriate”
rather
than
“futile”
to
emphasize
two
important
aspects
of
such
judgments.
First,
the
word
“inappropriate”
conveys
more
clearly
than
the
word
“futile”
or
“ineffective”
that
the
assertion
being
made
by
clinicians
depends
both
on
technical
medical
expertise
and
a
value-laden
claim,
rather
than
strictly
a
technical
judgment.
Second,
the
word
“potentially”
signals
that
the
judgments
are
preliminary,
rather
than
final,
and
require
review
before
being
acted
on.
The
ethical
concerns
that
may
be
raised
to
justify
the
refusals
include
concerns
that
the
treatment
is
highly
unlikely
to
be
successful,
is
extremely
expensive,
or
is
intended
to
achieve
a
goal
of
controversial
value.
5.
Cardiopulmonary
resuscitation
According
to
the
International
Liaison
Committee
on
Resuscitation,
Cardiopulmonary
resuscitation,
commonly
known
as
CPR,
is
an
emergency
procedure
that
combines
chest
compression
often
with
artificial
ventilation
in
an
effort
to
manually
preserve
intact
brain
function
until
further
measures
are
taken
to
restore
spontaneous
blood
circulation
and
breathing
in
a
person
who
is
in
cardiac
arrest.
It
is
indicated
in
those
who
are
unresponsive
with
no
breathing
or
abnormal
breathing,
for
example,
agonal
respirations
(30).
6.
Do
not
attempt
resuscitation
According
to
the
American
Heart
Association
guidelines,
a
Do
Not
Attempt
Resuscitation
(DNAR)
order
is
given
by
a
licensed
physician
or
alternative
authority
as
per
local
regulation,
and
it
must
be"
26,"21
signed
and
dated
to
be
valid.
In
many
settings,
“Allow
Natural
Death”
(AND)
is
becoming
a
preferred
term
to
replace
DNAR,
to
emphasize
that
the
order
is
to
allow
natural
consequences
of
a
disease
or
injury,
and
to
emphasize
ongoing
end-of-life
care.
The
DNAR
order
should
explicitly
describe
the
resuscitation
interventions
not
to
be
performed
in
the
event
of
a
life-threatening
emergency.
In
most
cases,
a
DNAR
order
is
preceded
by
a
documented
discussion
with
the
patient,
family,
or
surrogate
decision
maker
addressing
the
patient’s
wishes
about
resuscitation
interventions.
In
addition,
some
jurisdictions
may
require
confirmation
by
a
witness
or
a
second
treating
physician
(52).
7.
Withholding
life
sustaining
treatment.
According
to
the
Guardianship
and
Administration
Act
2000
and
the
Powers
of
Attorney
Act
1998
in
the
US,
it
is
the
decision
to
withhold
medical
treatment
prospectively:
that
is,
whether
or
not
to
commence
treatment
for
an
event/s
yet
to
take
place.
This
may
involve
a
dimension
of
uncertainty,
because
there
could
be
unknowns
about
the
future
clinical
state
of
the
patient,
for
example,
when
and
if
the
patient
will
suffer
a
cardiac
arrest,
necessitating
CPR
(53).
8.
Withdrawing
life
sustaining
treatment
According
to
the
Guardianship
and
Administration
Act
2000
and
the
Powers
of
Attorney
Act
1998,
in
the
US,
the
decision
to
withdraw
a
life-sustaining
measure
implies
that
a
level
of
acceptance
about
the
benefits
of
continuing
the
measures
has
been
reached,
both
by
the
clinicians
involved
and
the
family.
The
decision
signifies
that
a
stage
has
been
reached
where
the
evidence
points
to
the
fact
that
the
patient
undeniably
and
irrefutably
is
receiving
no
benefit
from
the
interventions
proposing
to
be
withdrawn.
Arguably,
the
consent
processes
for
withdrawing
medical
treatment
may
be
less
onerous
than
for
withholding
medical
treatment,
most
likely
because
the
patient’s
condition
has
stabilized
to
the
extent
that
no
further
improvement
is
expected
(53).
The
worldwide
consensus
is
that
both
withdrawal
and
withholding
are
ethically
acceptable
in
the
context
of
EOLC,
are
similar
and
are
to
be
considered
together
(54).
They
both
flow
from
the
same
principle
of
reducing
unwanted
harms
to
a
terminally
ill
patient.
Physicians
and
family
may
experience
more
distress
and
dilemma
with
the
withdrawal
decision.
Both
are
based
on
the
premise
that
the
dying
process
is
attributable
to
the
disease
afflicting
the
patient
and
not
to
the
acts
of
withholding
or
withdrawal
as
they
both
belong
to
the
principle
of
“omitting
to
struggle”
when
harms
outweigh
benefits.
In
both
cases
the
treatment
shifts
to
comfort
care
in
meticulous
detail
(55).
If
withdrawal
were
to
be
avoided
at
all"
27,"22
costs
then
the
opportunity
of
a
trial
of
curative
interventions
could
be
lost
to
some
patients.
9.
Euthanasia
Euthanasia
is
defined
as
direct
intentional
killing
of
a
person
as
part
of
the
medical
care
being
offered.
The
withholding
or
withdrawing
of
artificial
life
support
procedures
for
a
terminally
ill
patient
is
not
euthanasia.
Withholding/
withdrawing
life
sustaining
treatment
taking
into
account
the
patient’s
benefits,
wishes
of
the
patient
and
family
and
when
based
upon
the
principle
of
the
potential
inappropriateness
of
treatment
for
a
terminal
patient,
is
legally
acceptable
and
appropriate
(33).
Passive
euthanasia:
Although
the
term
passive
euthanasia
is
used
by
some
people
to
mean
withholding
or
withdrawing
life
sustaining
treatment,
the
term
is
not
used
in
medically
advanced
countries
when
the
subject
is
officially
discussed.
Notable
examples
include
deciding
to
forego
Life-Sustaining
Treatment
(A
report
on
the
ethical,
medical,
and
legal
issues
in
treatment
decisions)
published
by
the
Presidents
Commission
for
the
Study
of
Ethical
Problems
in
Medicine
and
Biomedical
and
Behavioural
Research
of
USA
1983,
and
the
Report
of
the
House
of
Lords
Select
Committee
on
Medical
Ethics
of
UK
1994.
The
term
is
also
not
used
in
the
professional
guidelines
on
the
subject
in
various
medically
advanced
countries
(56).
Withholding
or
withdrawing
life-
sustaining
treatment,
if
done
under
appropriate
circumstances,
is
ethically
and
legally
acceptable.
This
is
ethically
and
legally
different
from
euthanasia
as
the
latter
is
direct
intentional
killing
of
a
person
as
part
of
the
medical
care
being
offered.
To
use
the
term
passive
euthanasia
to
describe
the
appropriate
withholding
or
withdrawal
of
life-
sustaining
treatment
may
give
people
the
wrong
impression
that
such
a
decision
is
ethically
and
legally
similar
to
active
euthanasia.
Withholding
or
withdrawing
life-sustaining
treatment
includes
widely
different
situations,
ranging
from
withholding
cardiopulmonary
resuscitation
in
a
terminally
ill
malignancy
patient,
to
withdrawing
artificial
nutrition
in
a
patient
in
persistent
vegetative
state.
The
former
is
non-controversial
but
the
latter
can
be
controversial.
If
the
term
passive
euthanasia
is
used,
people
may
relate
all
discussions
around
withholding
or
withdrawing
life-sustaining
treatment
to
the
controversial
situations
like
the
latter
(57).
The
term
passive
euthanasia
may
contain
the
meaning
of
an
intention
to
kill.
We
support
withholding
or
withdrawing
futile
treatment
which
only
prolongs
the
dying
process,
but
we
do
not
support
an
intention
to
kill.
Avoiding
the
misleading"
28,"23
term
passive
euthanasia
but
using
the
more
neutral
term
withholding
or
withdrawing
life-sustaining
treatment
would
thus
facilitate
public
discussion
on
the
topic.
This
would
also
facilitate
discussion
with
the
patients
and
families
in
individual
cases
when
such
discussion
is
required
(58).
10.
Active
shortening
of
life
According
to
the
ethics
in
European
intensive
care
units
(ETHICUS)
study,
active
shortening
of
the
dying
process
was
defined
as
a
circumstance
in
which
someone
performed
an
act
with
the
specific
intent
of
shortening
the
dying
process;
these
acts
did
not
include
withholding
or
withdrawing
treatment
although
withholding
or
withdrawing
could
occur
prior
to
shortening
of
dying
process.
Examples
included
an
intentional
overdose
of
narcotics,
anaesthetics,
or
potassium
chloride
(8).
The
term
“shortening
of
the
dying
process”
was
used
instead
of
active
euthanasia
because
Dutch
investigators
insisted
that
the
term
“active
euthanasia”
could
not
include
most
ICU
patients
who
could
not
request
the
action.
Several
other
terms
were
considered,
but
shortening
of
the
dying
process
was
accepted
by
all
investigators
as
it
describes
the
intent,
the
action
that
occurs,
and
is
a
more
neutral
term
that
physicians
might
more
readily
record.
In
addition,
as
some
investigators
might
still
be
reluctant
to
admit
to
shortening
of
the
dying
process,
another
question
was
added
to
evaluate
the
highest
possible
incidence
of
actions
that
might
be
considered
active
euthanasia
(although
most
of
these
actions
were
probably
not
active
euthanasia).
For
each
patient,
physicians
were
asked
whether
any
other
action
(not
forgoing
therapy)
taken
to
relieve
patient
suffering
may
have
contributed
to
the
patient’s
death
(59).
11.
Physician
assisted
suicide
According
to
the
Hastings
Centre
Bioethics
briefing,
Physician-assisted
suicide
refers
to
the
practice
where
a
physician
provides
a
potentially
lethal
medication
to
a
terminally
ill,
suffering
patient
at
his
request
that
he
can
take
(or
not)
at
a
time
of
his
own
choosing
to
end
his
life.
It
is
also
called
physician-assisted
suicide,
physician
aid-in-dying,
and
patient
administered
hastened
death
(60).
12.
Palliative
Care
According
to
WHO,
palliative
care
is
an
approach
that
improves
the
quality
of
life
of
patients
and
their
families
facing
the
problem
associated
with
life-threatening
illness,
through
the
prevention
and
relief
of
suffering
by
means
of
early
identification
and
impeccable
assessment
and
treatment
of
pain
and
other
problems,
physical,
psychosocial
and
spiritual
(35)."
29,"24
Palliative
care:
1)
provides
relief
from
pain
and
other
distressing
symptoms;
2)
affirms
life
and
regards
dying
as
a
normal
process;
3)
intends
neither
to
hasten
or
postpone
death;
4)
integrates
the
psychological
and
spiritual
aspects
of
patient
care;
5)
offers
a
support
system
to
help
patients
live
as
actively
as
possible
until
death;
6)
offers
a
support
system
to
help
the
family
cope
during
the
patients
illness
and
in
their
own
bereavement;
7)
uses
a
team
approach
to
address
the
needs
of
patients
and
their
families,
including
bereavement
counselling,
if
indicated;
8)
will
enhance
quality
of
life,
and
may
also
positively
influence
the
course
of
illness;
9)
is
applicable
early
in
the
course
of
illness,
in
conjunction
with
other
therapies
that
are
intended
to
prolong
life,
such
as
chemotherapy
or
radiation
therapy,
and
includes
those
investigations
needed
to
better
understand
and
manage
distressing
clinical
complications
(35).
13.
End
of
life
care
According
to
the
General
Medical
Council,
UK,
patients
are
‘approaching
the
end
of
life’
when
they
are
likely
to
die
within
the
next
12
months.
This
includes
those
patients
whose
death
is
expected
within
hours
or
days;
those
who
have
advanced,
progressive
incurable
conditions;
those
with
general
frailty
and
co-existing
conditions
that
mean
they
are
expected
to
die
within
12
months;
those
at
risk
of
dying
from
a
sudden
acute
crisis
in
an
existing
condition;
and
those
with
life-threatening
acute
conditions
caused
by
sudden
catastrophic
events.
The
term
‘approaching
the
end
of
life’
can
also
apply
to
extremely
premature
neonates
whose
prospects
for
survival
are
known
to
be
very
poor,
and
patients
who
are
diagnosed
as
being
in
a
persistent
vegetative
state
(PVS)
for
whom
a
decision
to
withdraw
treatment
and
care
may
lead
to
their
death
(61-63).
Palliative
care
encompasses
end
of
life
care.
Therefore,
these
terms
are
being
increasingly
used
together
as
they
both
are
essential
components
for
the
holistic
care
at
the
end
of
life.
Guidelines
on
end
of
life
care
tell
us
that
palliative
care
starts
side
by
side
with
curative
intent
and
carries
on
as
an
increasing
component
becoming
the
mainstay
of
treatment
in
end
of
life
care.
Treatment
limitation
does
not
indicate
abandonment
of
patient
but
shift
in
the
focus
of
care
from
cure
to"
30,"25
comfort
and
improvement
in
quality
of
life
(64).
14.
Palliative
Sedation
According
to
the
position
statement
of
American
Association
of
hospice
Palliative
Medicine,
palliative
sedation
(PS),
as
defined
in
this
statement,
is
the
intentional
lowering
of
awareness
towards,
and
including,
unconsciousness
for
patients
with
severe
and
refractory
symptoms
(65).
Palliative
sedation
must
satisfy
the
criteria
of
having
a
specific
clinical
indication,
a
target
outcome,
and
a
benefit/risk
ratio
that
is
acceptable
to
both
the
clinician
and
the
patient
or
patient’s
surrogates.
Palliative
sedation
is
an
intervention
reserved
for
extreme
situations.
The
use
of
palliative
sedation
should
only
be
considered
after
all
available
expertise
to
manage
the
target
symptom
has
been
accessed.
The
level
of
sedation
should
be
proportional
to
the
patient’s
level
of
distress.
As
with
all
treatments,
patients,
when
able,
should
participate
in
the
decision
to
use
palliative
sedation.
Treatment
of
other
symptoms
should
be
continued
alongside
palliative
sedation,
because
sedation
may
decrease
the
patient’s
ability
to
communicate
or
display
discomfort
(37).
Palliative
sedation
raises
ethical
concerns
when
it
significantly
reduces
patient
consciousness
to
the
degree
that
the
patient
is
unable
to
substantially
interact
with
others,
does
not
have
the
ability
or
opportunity
to
change
his
mind,
and
is
unable
to
eat
and
drink
(thus
potentially
shortening
survival
in
particular
circumstances).
Palliative
sedation
is
ethically
defensible
when
used
1)
after
careful
interdisciplinary
evaluation
and
treatment
of
the
patient,
and
2)
when
palliative
treatments
that
are
not
intended
to
affect
consciousness
have
failed
or,
in
the
judgment
of
the
clinician,
are
very
likely
to
fail,
3)
where
its
use
is
not
expected
to
shorten
the
patient’s
time
to
death,
and
4)
only
for
the
actual
or
expected
duration
of
symptoms.
Palliative
sedation
should
not
be
considered
irreversible
in
all
circumstances.
It
may
be
appropriate,
in
some
clinical
situations
when
symptoms
are
deemed
temporary,
to
decrease
sedation
after
a
predetermined
time
to
assess
efficacy,
continued
symptoms
and
need
for
ongoing
sedation
(38).
In
clinical
practice,
palliative
sedation
usually
does
not
alter
the
timing
or
mechanism
of
a
patient’s
death,
as
refractory
symptoms
are
most
often
associated
with
very
advanced
terminal
illness.
Practitioners
who
use
palliative
sedation
should
be
clear
in
their
intent
is
to
palliate
the
symptoms
and
not
to
shorten
survival.
Because
patients
receiving
palliative
sedation
are
typically
close
to
death,
most
patients
will
no
longer
have"
31,"26
desire
to
eat
or
drink.
Artificial
nutrition
and
hydration
are
not
generally
expected
to
benefit
the
patient
receiving
palliative
sedation.
However
questions
about
the
use
of
artificial
nutrition
and
hydration
should
be
addressed
before
palliative
sedation
is
undertaken
(66).
Sedation
is
used
in
palliative
care
in
several
settings:
1)
transient
sedation
for
noxious
procedures;
2)
sedation
as
part
of
burn
care;
3)
sedation
used
in
end
of
life
weaning
from
ventilator
support;
4)
sedation
in
the
management
of
refractory
symptoms
at
the
end
of
life;
5)
emergency
sedation;
6)
respite
sedation;
7)
sedation
for
psychological
or
existential
suffering.
However,
sedation
for
psychological
and
existential
suffering
needs
greater
exposition
and
consensus
before
it
is
considered
as
grounds
for
practice
of
palliative
sedation
in
the
Indian
setting.
15.
Double
effect
The
essence
of
the
doctrine
of
double
effect
is
that
an
act
performed
with
good
intent
can
still
be
moral
despite
unforeseen
unintended
effects.
In
the
context
of
end
of
life
care,
this
can
arise
when
four
conditions
are
met
(39):
1)
Administering
strong
analgesics
for
relief
of
severe
pain
is
not,
in
itself,
immoral.
2)
The
intention
is
to
relieve
severe
pain,
and
not
to
hasten
the
patient’s
death.
3)
The
relief
of
severe
pain
is
not
achieved
through
causing
the
patient’s
death.
4)
Proportionally,
the
need
to
relieve
severe
pain
is
such
that
it
warrants
accepting
a
remote
possibility
of
shortening
of
life.
16.
Death
According
to
the
Academy
of
Medical
Royal
Colleges,
Death
is
defined
as
the
simultaneous
and
irreversible
onset
of
apnoea
and
unconsciousness
in
the
absence
of
the
circulation
(67).
Full
and
extensive
attempts
at
reversal
of
any
of
the
contributing
cause
to
the
cardiorespiratory
arrest
have
been
made.
Such
factors,
which
include
body
temperature,
endocrine,
metabolic
and
biochemical
abnormalities.
Moreover,
death
could
also
ensue
due
to
an
individual
meeting
the
criteria
for
not
attempting
cardiopulmonary
resuscitation
or
attempts
at
cardiopulmonary
resuscitation
have
failed
or
treatment
aimed
at
sustaining
life
has
been
withdrawn
because
it
has
been
decided
to
be
of
no
further
benefit
to
the
patient
and
not
in
his/her
best
interest
to
continue
and/or
is
in
respect
of
the
patient’s
wishes
via
an
advance
decision
to
refuse
treatment."
32,"27
The
individual
should
be
observed
by
the
person
responsible
for
confirming
death
for
a
minimum
of
five
minutes
to
establish
that
irreversible
cardiorespiratory
arrest
has
occurred.
The
absence
of
mechanical
cardiac
function
is
normally
confirmed
using
a
combination
of
the
following:
—
absence
of
a
central
pulse
on
palpation
and
the
absence
of
heart
sounds
on
auscultation.
These
criteria
will
normally
suffice
in
the
primary
care
setting.
However,
their
use
can
be
supplemented
in
the
hospital
setting
by
one
or
more
of
the
following:
—
asystole
on
a
continuous
ECG
display,
absence
of
pulsatile
flow
using
direct
intra-arterial
pressure
monitoring
or
absence
of
contractile
activity
using
echocardiography.
Any
spontaneous
return
of
cardiac
or
respiratory
activity
during
this
period
of
observation
should
prompt
a
further
five
minutes’
observation
from
the
next
point
of
cardiorespiratory
arrest.
After
five
minutes
of
continued
cardiorespiratory
arrest
the
absence
of
the
pupillary
responses
to
light,
of
the
corneal
reflexes,
and
of
any
motor
response
to
supra-
orbital
pressure
should
be
confirmed.
The
time
of
death
is
recorded
as
the
time
at
which
these
criteria
are
fulfilled.
17.
Best
interests
According
to
the
Mental
Capacity
Act
2005
UK,
the
Act
sets
out
what
health
care
provider
must
consider
when
deciding
what
is
in
the
best
interests
of
your
patient.
Health
care
provider
should
take
into
account:
past
and
present
wishes
and
feelings
beliefs
and
values
that
may
have
influenced
the
decision
being
made,
had
the
person
had
capacity
other
factors
that
the
patient
would
be
likely
to
consider
if
they
had
capacity
(42).
Health
care
providers
must
have
objective
reasons
for
any
decisions
made.
They
must
also
be
able
to
show
that
they
have
considered
all
the
circumstances
relevant
to
the
decision
in
question.
In
trying
to
assess
the
best
interests
of
a
person
lacking
capacity,
the
health
care
provider
should
encourage
the
person
lacking
capacity
to
participate
in
the
decision.
To
do
this,
it
may
be
necessary
to
use
specific
communication
methods;
for
example,
simple
language
or
pictures,
or
by
using
a
specialist
to
help
communicate.
1)
Avoid
discrimination:
The
Act
specifically
states
that
decisions
cannot
be
based
on
a
person’s
age,
appearance
or
condition
or
any
aspect
of
the
person’s
behaviour.
The
appearance
can
refer
to
all
aspects
of
a
person’s
physical
appearance,
while
the
condition
can
include
learning
difficulties,
age-related
illnesses
or
temporary
conditions
(such
as
unconsciousness
or
drunkenness).
2)
Health
care
provider
should
identify
all
the
issues
most
relevant
to
the"
33,"28
person
who
lacks
capacity
and
to
the
specific
decisions
to
be
made.
These
will
vary
from
case
to
case,
depending
on
the
capacity
of
the
patient
and
the
decision
needing
to
be
made.
If
possible,
it
is
advised
to
defer
the
decision
until
patient
is
likely
to
regain
the
capacity.
However,
in
emergency
situations,
it
may
not
be
possible
to
wait
for
the
patient
to
regain
capacity
(68).
18.
Health
care
decision
making
capacity
According
to
the
General
Medical
Council
UK,
health
care
provider
must
assess
patient’s
capacity
to
make
a
particular
decision
at
the
time
it
needs
to
be
made.
Health
care
providers
must
not
assume
that
because
a
patient
lacks
capacity
to
make
a
decision
on
a
particular
occasion,
they
lack
capacity
to
make
any
decisions
at
all,
or
will
not
be
able
to
make
similar
decisions
in
the
future.
They
must
take
account
of
the
advice
on
assessing
capacity
in
the
Codes
of
Practice
that
accompany
the
Mental
Capacity
Act
2005
and
the
Adults
with
Incapacity
(Scotland)
Act
2000
and
other
relevant
guidance.
If
assessment
is
that
the
patient’s
capacity
is
borderline,
then
the
health
care
provider
must
be
able
to
show
that
it
is
more
likely
than
not
that
they
lack
capacity
(69).
If
the
assessment
leaves
the
health
care
provider
in
doubt
about
the
patient’s
capacity
to
make
a
decision,
then
they
should
seek
advice
from:
1)
nursing
staff
or
others
involved
in
the
patient’s
care,
or
those
close
to
the
patient,
who
may
be
aware
of
the
patient’s
usual
ability
to
make
decisions
and
their
particular
communication
needs
2)
colleagues
with
relevant
specialist
experience,
such
as
psychiatrists,
neurologists,
or
speech
and
language
therapists.
If
they
are
still
unsure
about
the
patient’s
capacity
to
make
a
decision,
they
must
seek
legal
advice
with
a
view
to
asking
a
court
to
determine
capacity.
In
making
decisions
about
the
treatment
and
care
of
patients
who
lack
capacity,
they
must:
1)
make
the
care
of
the
patient
as
their
first
concern
2)
treat
patients
as
individuals
and
respect
their
dignity
3)
support
and
encourage
patients
to
be
involved,
as
far
as
they
want
to
and
are
able,
in
decisions
about
their
treatment
and
care
4)
treat
patients
with
respect
and
not
discriminate
against
them."
34,"29
They
must
also
consider:
1)
whether
the
patient’s
lack
of
capacity
is
temporary
or
permanent
2)
which
options
for
treatment
would
provide
overall
clinical
benefit
for
the
patient
3)
which
option,
including
the
option
not
to
treat,
would
be
least
restrictive
of
the
patient’s
future
choices
4)
any
evidence
of
the
patient’s
previously
expressed
preferences,
such
as
an
advance
statement
or
decision
5)
the
views
of
anyone
the
patient
asks
you
to
consult,
or
who
has
legal
authority
to
make
a
decision
on
their
behalf,
or
has
been
appointed
to
represent
them
6)
the
views
of
people
close
to
the
patient
on
the
patient’s
preferences,
feelings,
beliefs
and
values,
and
whether
they
consider
the
proposed
treatment
to
be
in
the
patient’s
best
interests
7)
what
they
and
the
rest
of
the
healthcare
team
know
about
the
patient’s
wishes,
feelings,
beliefs
and
values
(70).
19.
Shared
decision
making
According
to
the
General
Medical
Council
UK,
the
exchange
of
information
between
doctor
and
patient
is
central
to
good
decision-making
(71).
How
much
information
the
health
care
providers
share
with
patients
will
vary,
depending
on
their
individual
circumstances?
They
should
tailor
their
approach
regarding
discussions
with
patients
according
to:
1)
patient’s
needs,
wishes
and
priorities
2)
patient’s
level
of
knowledge
about,
and
understanding
of,
their
condition,
prognosis
and
the
treatment
options
3)
the
nature
of
patient’s
condition
4)
the
complexity
of
the
treatment,
and
5)
the
nature
and
level
of
risk
associated
with
the
investigation
or
treatment.
Health
care
provider
should
not
make
assumptions
about:
1)
the
information
a
patient
might
want
or
need
2)
the
clinical
or
other
factors
a
patient
might
consider
significant,
or
3)
a
patient’s
level
of
knowledge
or
understanding
of
what
is
proposed.
Health
care
provider
must
give
patients
the
information
they
want
or
need
about:
1)
the
diagnosis
and
prognosis
2)
any
uncertainties
about
the
diagnosis"
35,"30
or
prognosis,
including
options
for
further
investigations
3)
options
for
treating
or
managing
the
condition,
including
the
option
not
to
treat
4)
the
purpose
of
any
proposed
investigation
or
treatment
and
what
it
will
involve
5)
the
potential
benefits,
risks
and
burdens,
and
the
likelihood
of
success,
for
each
option;
this
should
include
information,
if
available,
about
whether
the
benefits
or
risks
are
affected
by
which
organization
or
doctor
is
chosen
to
provide
care
6)
whether
a
proposed
investigation
or
treatment
is
part
of
a
research
program
or
is
an
innovative
treatment
designed
specifically
for
their
benefit
7)
the
people
who
will
be
mainly
responsible
for
and
involved
in
their
care,
what
their
roles
are,
and
to
what
extent
students
may
be
involved
8)
their
right
to
refuse
to
take
part
in
teaching
or
research
9)
their
right
to
seek
a
second
opinion
10)
any
bills
they
will
have
to
pay
11)
any
conflicts
of
interest
with
the
provider
and
provider’s
organization,
with
regards
to
any
treatments
that
the
providers
believe
to
have
a
greater
potential
benefit
for
the
patient
than
those
that
the
provider’s
organization
can
offer.
Health
care
provider
should
explore
these
matters
with
the
patients,
listen
to
their
concerns,
ask
for
and
respect
their
views,
and
encourage
them
to
ask
questions.
Health
care
providers
should
check
whether
the
patients
have
understood
the
information
they
have
been
given,
and
whether
or
not
they
would
like
more
information
before
making
a
decision.
They
must
make
it
clear
that
they
can
change
their
mind
about
a
decision
at
any
time.
They
must
answer
patients’
questions
honestly
and,
as
far
as
possible
practical,
and
fully
(72).
20.
Advance
Directives
According
to
the
National
Hospice
and
Palliative
Care
Organization,
advance
care
planning
is
making
decisions
about
the
care
patients
would
like
to
receive
if
they
become
unable
to
speak
for
themselves.
These
are
the
decisions
patients
should
make,
regardless
of
what
they
choose
for
their
future
care,
and
the
decisions
are
based
on
patient’s
personal
values,
preferences,
and
discussions
with
their
loved
ones.
Advance
care
planning
includes:
1)
Getting
information
on
the
types
of
life-sustaining
treatments
that
are"
36,"31
available.
2)
Deciding
what
types
of
treatment,
patients
would
or
would
not
want
should
they
be
diagnosed
with
a
life-
limiting
illness.
3)
Sharing
their
personal
values
with
their
loved
ones.
4)
Completing
advance
directives
to
put
into
writing
what
types
of
treatment
they
would
or
would
not
want
should
they
be
unable
to
speak
for
themselves.
Decisions
about
end-of-life
care
are
deeply
personal,
and
are
based
on
patient’s
values
and
beliefs.
Because
it
is
impossible
to
foresee
every
type
of
circumstance
or
illness,
it
is
essential
to
think
in
general
about
what
is
important
to
them.
Conversations
that
focus
on
patient’s
wishes
and
beliefs
will
relieve
the
loved
ones
and
healthcare
providers
of
the
need
to
guess
what
they
would
want
(73).
21.
Surrogate
According
to
the
the
Illinois
Health
Care
Surrogate
Act,
“Surrogate
decision
maker”
means
an
adult
individual
or
individuals
who
1)
have
decisional
capacity,
2)
are
available
upon
reasonable
inquiry,
3)
are
willing
to
make
medical
treatment
decisions
on
behalf
of
a
patient
who
lacks
decisional
capacity,
and
4)
are
identified
by
the
attending
physician
in
accordance
with
the
provisions
of
this
Act
as
the
person
or
persons
who
are
to
make
those
decisions
in
accordance
with
the
provisions
of
this
Act
(74).
The
Act
goes
on
to
make
the
following
clarifications:
(a)
When
a
patient
lacks
decisional
capacity,
the
health
care
provider
must
make
a
reasonable
inquiry
as
to
the
availability
and
authority
of
a
health
care
agent
under
the
Powers
of
Attorney
for
Health
Care
Law.
When
no
health
care
agent
is
authorized
and
available,
the
health
care
provider
must
make
a
reasonable
inquiry
as
to
the
availability
of
possible
surrogates.
A
reasonable
inquiry
includes,
but
is
not
limited
to,
identifying
a
member
of
the
patient’s
family
or
other
health
care
agent
by
examining
the
patient’s
personal
effects
or
medical
records.
The
surrogate
decision
makers,
as
identified
by
the
attending
physician,
are
then
authorized
to
make
decisions
as
follows:
1)
for
patients
who
lack
decisional
capacity
and
do
not
have
a
qualifying
condition,
medical
treatment
decisions
may
be
made
according
to
a
shared
decision"
37,"32
making
model
2)
for
patients
who
lack
decisional
capacity
and
have
a
qualifying
condition,
medical
treatment
decisions
including
whether
to
forgo
life-sustaining
treatment
on
behalf
of
the
patient
may
be
made
without
court
order
or
judicial
involvement.
In
the
absence
of
designated
or
nominated
surrogate
decision
makers,
the
next
of
kin
is
considered
to
be
a
surrogate.
According
to
Organ
Transplant
Act
of
India
(75)
first
relatives
(spouse,
parents,
children,
grandparents,
brother
and
sisters)
are
considered
as
next
of
kin.
The
health
care
provider
shall
have
the
right
to
rely
on
any
of
the
above
surrogates
if
the
provider
believes
after
reasonable
inquiry
that
neither
a
health
care
agent
under
the
Powers
of
Attorney
for
Health
Care
Law
nor
a
surrogate
of
higher
priority
is
available.
Where
there
are
multiple
surrogate
decision
makers
at
the
same
priority
level
in
the
hierarchy,
it
shall
be
the
responsibility
of
those
surrogates
to
make
reasonable
efforts
to
reach
a
consensus
as
to
their
decision
on
behalf
of
the
patient
regarding
the
forgoing
of
life-sustaining
treatment.
If
2
or
more
surrogates
who
are
in
the
same
category
and
have
equal
priority
indicate
to
the
attending
physician
that
they
disagree
about
the
health
care
matter
at
issue,
a
majority
of
the
available
persons
in
that
category
(or
the
parent
with
custodial
rights)
shall
control,
unless
the
minority
(or
the
parent
without
custodial
rights)
initiates
guardianship
proceedings
in
accordance
with
the
Probate
Act
of
1975.
No
health
care
provider
or
other
person
is
required
to
seek
appointment
of
a
guardian
(76).
(b)
After
a
surrogate
has
been
identified,
the
name,
address,
telephone
number,
and
relationship
of
that
person
to
the
patient
shall
be
recorded
in
the
patient’s
medical
record.
(c)
Any
surrogate
who
becomes
unavailable
for
any
reason
may
be
replaced
by
applying
the
provisions
of
Section
25
in
the
same
manner
as
for
the
initial
choice
of
surrogate.
(d)
In
the
event
an
individual
of
a
higher
priority
to
an
identified
surrogate
becomes
available
and
willing
to
be
the
surrogate,
the
individual
with
higher
priority
may
be
identified
as
the
surrogate.
In
the
event
an
individual
in
a
higher,
a
lower,
or
the
same
priority
level
or
a
health
care
provider
seeks
to
challenge
the
priority
of
or
the
life-sustaining
treatment
decision
of
the
recognized
surrogate
decision
maker,
the
challenging
party
may"
38,"33
initiate
guardianship
proceedings
in
accordance
with
the
Probate
Act
of
1975.
(e)
The
surrogate
decision
maker
shall
have
the
same
right
as
the
patient
to
receive
medical
information
and
medical
records
and
to
consent
to
disclosure.
(f)
Any
surrogate
shall
have
the
authority
to
make
decisions
for
the
patient
until
removed
by
the
patient
who
no
longer
lacks
decisional
capacity,
appointment
of
a
guardian
of
the
person,
or
the
patient’s
death.
22.
Autonomy
According
to
Beauchamp
and
Childress;
Principles
of
Biomedical
Ethics,
autonomy
is
respecting
the
decision-making
capacities
of
autonomous
persons;
enabling
individuals
to
make
reasoned
informed
choices.
This
translates
in
practice
as
the
right
of
informed
consent
or
refusal
(77,85).
It
is
the
respect
for
the
right
of
a
mentally
competent
individual
to
consent
or
to
refuse
clinically
indicated
medical
treatment
(including
life-
sustaining
treatment).
The
choice
should
be
based
on
adequate
information,
and
the
individual
takes
responsibility
for
such
choice.
For
any
medical
intervention
except
in
special
circumstances,
a
consent
form
needs
to
be
signed
by
the
patient
or
surrogate.
Physicians
are
by
common
law
bound
to
respect
patient’s
refusal
who
has
received
complete
information
even
if
this
would
lead
to
his
or
her
death.
Respect
for
patient’s
autonomy
is
sometimes
extended
to
include
respect
for
patient’s
bodily
integrity.
For
example,
for
mentally
incompetent
individuals
who
cannot
express
preferences
and
make
choice,
decisions
on
life-sustaining
treatment
should
nonetheless
take
into
account
their
bodily
integrity
(78).
The
physician’s
approach
should
be
to
address
the
patient
as
a
whole
person
than
merely
as
a
disease
entity.
Open
and
complete
disclosure
of
information
is
thus
an
essential
part
of
empowering
the
patient
in
taking
an
autonomous
decision.
To
be
able
to
exercise
his/her
autonomy
directly
the
patient
should
be
mentally
competent
to
identify
and
express
his/her
choices.
If
the
patient
has
lost
capacity,
the
right
of
autonomy
is
maintained
through
other
means.
His/her
preferences
are
to
be
elicited
from
the
next
of
kin
or
a
duly
appointed
legal
representative
and
are
termed
as
“substituted
judgment”
(79).
An
Advance
Will
is
an
instrument
for
the
expression
of
autonomy
in
anticipation
of
one’s
loss
of
capacity.
When
the
patient’s
values
and
wishes
are
known
they
are
integrated
into
the
end
of
life
decision
making
(80).
The
right
to
privacy
judgment
in
India
(Justice
Puttaswamy
vs
The
Union
of
India,
2017)
adds
immense
weight
to
the
Principle
of"
39,"34
Autonomy
even
without
an
Act
specific
to
self
determination.
It
states
that
the
right
to
privacy
should
be
regarded
as
an
unalienable
fundamental
right
on
its
own,
not
as
an
extension
of
right
to
life.
This
is
fundamental
to
restoring
the
right
of
the
patient
to
choose
the
manner
of
his
treatment
when
facing
terminal
illness.
The
right
to
privacy
would
be
violated
if
this
principle
is
not
followed
in
practice.
This
right
must
be
seen
to
be
respected
even
when
the
patient
is
incompetent,
and
would
operate
through
a
mechanism:
either
an
instructive
directive
such
as
Advance
Will
or
an
authorized
power
of
attorney
appointed
by
the
patient;
in
the
absence
of
these
the
natural
surrogates
such
as
the
next
of
kin.
The
Mental
Healthcare
Act
2017
further
supports
the
Principle
of
autonomy
pertaining
to
healthcare
and
the
right
to
use
an
instrument
such
as
Advance
Will.
23.
Beneficence
According
to
Beauchamp
and
Childress;
Principles
of
Biomedical
Ethics,
this
considers
the
balancing
of
benefits
of
treatment
against
the
risks
and
costs;
the
healthcare
professional
should
act
in
a
way
that
benefits
the
patient.
It
also
includes
duty
of
care
and
due
regard
for
patient’s
welfare
and
interests
(to
preserve
life,
relieve
suffering,
limit
disability).
Related
professional
terms
and
concepts
include
patient’s
best
interests
and
patient’s
benefit
(78,85).
Beneficence
flows
from
the
fiduciary
obligation
to
act
always
in
patient’s
best
interests.
In
terminal
illness
since
benefits
of
a
curative
intervention
are
negligible,
foregoing
of
life
support
would
be
in
patient’s
best
interests
(77).
This
is
even
more
so
when
patients’
values
and
preferences
suggest
that
such
interventions
are
unwanted.
Best
interests
also
include
protecting
him/her
and
the
family
from
economic
or
social
difficulties
when
these
are
clearly
expressed
(81).
Physician’s
insisting
on
continuation
of
futile
therapies
is
therefore
to
be
regarded
as
violation
of
this
principle.
24.
Non-maleficence
According
to
Beauchamp
and
Childress;
Principles
of
Biomedical
Ethics,
it
involves
avoiding
the
causation
of
harm;
the
healthcare
professional
should
not
harm
the
patient.
All
treatment
involves
some
harm,
even
if
minimal,
but
the
harm
should
not
be
disproportionate
to
the
benefits
of
treatment.
In
the
context
of
end
of
life
care,
to
avoid
prolonging
suffering
by
employing
potentially
inappropriate
medical
interventions,
and
to
adequately
consider
the
risks
and
harms
of
interventions
(78).
Harm
confined
only
to
the
physiological
stand
point
would
be
too
narrow
an
interpretation.
A
dying
patient
and
family
should
be
given
the
opportunity
to
prepare
for
death
(80).
An
appropriate
environment
for
ensuring
good
death
should
be
made
available.
All"
40,"35
the
while
whole
person
interests
should
be
safeguarded.
The
family
too
must
be
protected
from
harm
that
may
accrue
from
incomplete
information,
financial
pressure
of
disproportionate
treatments
and
posttraumatic
stress
disorder
from
inadequate
attention
to
counseling
during
the
dying
process
and
bereavement.
Freedom
from
pain
and
distress
is
a
fundamental
right
and
withholding
adequate
palliative
therapy
would
violate
this
principle.
The
doctrine
of
“double
effect”
addresses
the
situation
when
adequate
analgesia
and
sedation
may
have
the
unintended
side
effect
of
shortening
the
dying
process
(82).
This
principle
clearly
sets
the
obligation
to
provide
freedom
from
pain
and
distress
above
the
principle
to
do
no
harm
provided
the
harm
is
unintended
(83).
Intention
is
revealed
in
the
care
taken
to
titrate
the
drug
dosing
which
would
mean
that
protocols
for
palliative
therapy
should
be
in
place
and
documentation
should
be
meticulous
(84).
However,
doses
beyond
usual
recommendations
should
be
adequately
justified.
25.
Justice
According
to
Beauchamp
and
Childress;
Principles
of
Biomedical
Ethics,
it
involves
distributing
benefits,
risks
and
costs
fairly;
the
notion
that
patients
in
similar
positions
should
be
treated
in
a
similar
manner.
Treating
all
persons
according
to
what
is
fair
or
due
to
them.
A
related
concept
often
considered
is
equity.
An
individual
should
not
be
unfairly
treated
(discriminated)
based
on
disability,
age,
social
status,
etc.
On
the
other
hand,
an
individual
cannot
claim
unlimited
right
(e.g.
to
be
treated
at
all
costs),
without
regard
to
the
impact
on
other
persons
or
to
scarcity
of
resources
(78,85).
In
other
words,
social
justice
means
allocating
resources
appropriate
to
the
medical
condition
of
the
patient
in
order
to
maximize
their
benefits
and
minimize
wastage.
Futile
application
of
therapies
would
clearly
violate
this
social
obligation.
Situations
may
arise
when
patient
or
family
may
insist
on
therapies
physicians
would
consider
inappropriate,
when
the
principles
of
autonomy
and
justice
may
appear
to
be
in
conflict.
In
such
an
event
repeated
communication
and
negotiating
a
middle
path
may
be
the
best
course.
It
would
also
be
worth
remembering
that
the
physician
is
bound
to
act
only
according
to
professional
standards
of
care
and
not
obliged
to
follow
blindly
the
dictates
of
the
patient
(83)."
41,"36
CONCLUSIONS
AND
FUTURE
DIRECTIONS
The
consensus
document
under
the
aegis
of
the
Indian
Council
of
Medical
Research
(ICMR)
has
brought
up-to-date,
a
glossary
of
terms
relating
to
end
of
life
care,
limitation
of
life
sustaining
treatment
and
Palliative
Care.
The
definitions
are
based
on
accepted
global
standards
in
contemporary
bioethical,
medical
and
legal
literature.
Currently
in
India,
the
usage
of
the
terms
across
professional,
legal
and
social
domains
has
lacked
standardization
and
clarity.
This
has
proved
to
be
a
significant
barrier
to
building
consensus
for
public
policy
relating
to
End
of
life
Care,
Withdrawal
and
Withholding
of
medical
interventions,
Right
to
Advance
Will,
and
Euthanasia.
This
anomaly
is
expected
to
be
corrected
with
this
comprehensive
position
statement
on
the
terms.
This
document
is
prepared
to
serve
as
an
authoritative
reference
for
dialogue,
research
and
publications
and
to
inform
the
ongoing
formulation
of
a
medico-legal
framework
for
these
areas.
•
The
multi
professional
consensus
definitions
lend
themselves
well
to
be
understood
by
stakeholders
across
the
several
disciplines
concerned
with
End
of
life
and
Palliative
care.
•
It
brings
clarity
to
outdated,
inconsistent
and
ambiguous
terms
used
in
End
of
Life
and
Palliative
Care
in
India.
•
It
will
serve
to
generate
awareness
of
contemporary
ethical
and
legal
dimensions
in
medical
care
among
both
professionals
and
lay
public.
•
Based
on
standard
methodology,
it
is
an
authoritative
resource
to
inform
legal
opinion
and
public
policy.
•
Indian
physicians
seeking
to
practice
as
per
international
ethical
guidelines
will
be
better
understood
and
protected
as
the
definitions
are
rooted
in
contemporary
bioethical
concepts
and
principles.
•
Indian
patients
will
be
benefited
by
the
universally
accepted
ethical
principles
finding
expression
in
Indian
medical
practice.
BENEFITS
ACCRUED"
42,"37
1.
Economist
Intelligence
Unit.
The
2015
Quality
of
Death
Index.
Ranking
palliative
care
across
the
world
2015.
2.
Rao
S.
India
and
Euthanasia:
The
poignant
case
of
Aruna
Shanbaug.
Medical
law
review.
2011;19(4):646-56.
3.
Mody
P,
Daga
A.
Supreme
Court
of
India
legalizes
passive
euthanasia.
National
Journal
of
Physiology,
Pharmacy
and
Pharmacology.
2011;1(2):91-.
4.
Koch
KA.
Patient
Self-Determination
Act.
The
Journal
of
the
Florida
Medical
Association.
1992;79(4):240-3.
5.
Holt
GE,
Sarmento
B,
Kett
D,
Goodman
KW.
An
Unconscious
Patient
with
a
DNR
Tattoo.
New
England
Journal
of
Medicine.
2017;377(22):2192-3.
6.
Mani
RK,
Mandal
AK,
Bal
S,
Javeri
Y,
Kumar
R,
Nama
DK,
et
al.
End-of-life
decisions
in
an
Indian
intensive
care
unit.
Intensive
care
medicine.
2009;35(10):1713-9.
7.
Ferrand
E,
Robert
R,
Ingrand
P,
Lemaire
F.
Withholding
and
withdrawal
of
life
support
in
intensive-care
units
in
France:
a
prospective
survey.
The
Lancet.
2001;357(9249):9-14.
8.
Sprung
CL,
Cohen
SL,
Sjokvist
P,
Baras
M,
Bulow
H-H,
Hovilehto
S,
et
al.
End-
of-life
practices
in
European
intensive
care
units:
the
Ethicus
Study.
JAMA.
2003;290(6):790-7.
9.
Kapadia
F,
Singh
M,
Divatia
J,
Vaidyanathan
P,
Udwadia
FE,
Raisinghaney
SJ,
et
al.
Limitation
and
withdrawal
of
intensive
therapy
at
the
end
of
life:
practices
in
intensive
care
units
in
Mumbai,
India.
Critical
care
medicine.
2005;33(6):1272-5.
10.
Mani
RK.
Limitation
of
life
support
in
the
ICU:
Ethical
issues
relating
to
end
of
life
care.
Indian
Journal
of
Critical
Care
Medicine.
2003;7(2):112.
11.
Mani
RK,
Mandal
AK,
Bal
S,
Javeri
Y,
Kumar
R,
Nama
DK,
et
al.
End-of-life
decisions
in
an
Indian
intensive
care
unit.
Intensive
care
medicine.
2009;35(10):1713.
12.
Macaden
SC,
Salins
N,
Muckaden
M,
Kulkarni
P,
Joad
A,
Nirabhawane
V,
et
REFERENCES"
43,"38
al.
End
of
life
care
policy
for
the
dying:
Consensus
position
statement
of
Indian
Association
of
Palliative
Care.
Indian
journal
of
palliative
care.
2014;20(3):171.
13.
Mani
RK.
End-of-life
care
in
India.
Intensive
care
medicine.
2006;32(7):1066-8.
14.
Barnett
VT,
Aurora
V.
Physician
beliefs
and
practice
regarding
end-of-life
care
in
India.
Indian
Journal
of
Critical
Care
Medicine.
2008;12(3):109.
15.
Byock
IR.
The
nature
of
suffering
and
the
nature
of
opportunity
at
the
end
of
life.
Clinics
in
geriatric
medicine.
1996;12(2):237-52.
16.
Gordon
J.
Medical
humanities:
to
cure
sometimes,
to
relieve
often,
to
comfort
always.
Medical
Journal
of
Australia.
2005;182(1):5.
17.
Cassel
CK,
Field
MJ.
Approaching
death:
improving
care
at
the
end
of
life:
National
Academies
Press;
1997.
18.
Bryce
CL,
Loewenstein
G,
Arnold
RM,
Schooler
J,
Wax
RS,
Angus
DC.
Quality
of
death:
Assessing
the
importance
placed
on
end-of-life
treatment
in
the
intensive-
care
unit.
Medical
care.
2004;42(5):423-31.
19.
Leung
K-K,
Tsai
J-S,
Cheng
S-Y,
Liu
W-J,
Chiu
T-Y,
Wu
C-H,
et
al.
Can
a
good
death
and
quality
of
life
be
achieved
for
patients
with
terminal
cancer
in
a
palliative
care
unit?
Journal
of
palliative
medicine.
2010;13(12):1433-8.
20.
Prendergast
TJ,
Claessens
MT,
Luce
JM.
A
national
survey
of
end-of-life
care
for
critically
ill
patients.
American
journal
of
respiratory
and
critical
care
medicine.
1998;158(4):1163-7.
21.
Smith
R.
Principles
of
a
Good
Death.
British
Medical
Journal.
2000;320:129-30.
22.
Steinhauser
KE,
Clipp
EC,
McNeilly
M,
Christakis
NA,
McIntyre
LM,
Tulsky
JA.
In
search
of
a
good
death:
observations
of
patients,
families,
and
providers.
Annals
of
internal
medicine.
2000;132(10):825-32.
23.
Chapman
L,
Ellershaw
J.
Care
in
the
last
hours
and
days
of
life.
Medicine.
2011;39(11):674-7.
24.
Horton
J.
Nominal
group
technique.
Anaesthesia.
1980;35(8):811-4."
44,"39
25.
Okoli
C,
Pawlowski
SD.
The
Delphi
method
as
a
research
tool:
an
example,
design
considerations
and
applications.
Information
&
management.
2004;42(1):15-29.
26.
McCartney
JJ,
Trau
JM.
Cessation
of
the
artificial
delivery
of
food
and
fluids:
defining
terminal
illness
and
care.
Death
studies.
1990;14(5):435-44.
27.
Hui
D,
Nooruddin
Z,
Didwaniya
N,
Dev
R,
De
La
Cruz
M,
Kim
SH,
et
al.
Concepts
and
definitions
for
“actively
dying,”“end
of
life,”“terminally
ill,”“terminal
care,”
and
“transition
of
care”:
a
systematic
review.
Journal
of
pain
and
symptom
management.
2014;47(1):77-89.
28.
Jesus
JE,
Geiderman
JM,
Venkat
A,
Limehouse
WE,
Derse
AR,
Larkin
GL,
et
al.
Physician
orders
for
life-sustaining
treatment
and
emergency
medicine:
ethical
considerations,
legal
issues,
and
emerging
trends.
Annals
of
emergency
medicine.
2014;64(2):140-4.
29.
Bosslet
GT,
Kesecioglu
J,
White
DB.
How
should
clinicians
respond
to
requests
for
potentially
inappropriate
treatment?
Intensive
care
medicine.
2016;42(3):422-
5.
30.
Driscoll
P.
Cardio
Pulmonary
Resuscitation.
Journal
of
accident
&
emergency
medicine.
1994;11(1):56.
31.
Sidhu
NS,
Dunkley
ME,
Egan
MJ.
“
Not-for-resuscitation”
orders
in
Australian
public
hospitals:
policies,
standardised
order
forms
and
patient
information
leaflets.
Medical
journal
of
Australia.
2007;186(2):72.
32.
Lanken
PN,
Ahlheit
BD,
Crawford
S,
Hansen-Flaschen
JH,
Lefrak
SS,
Luce
JM,
et
al.
Withholding
and
withdrawing
life-sustaining
therapy.
Am
Rev
Respir
Dis.
1991;144:726-31.
33.
Materstvedt
LJ,
Clark
D,
Ellershaw
J,
Førde
R,
Gravgaard
A-MB,
Müller-Busch
HC,
et
al.
Euthanasia
and
physician-assisted
suicide:
a
view
from
an
EAPC
Ethics
Task
Force.
Palliative
Medicine.
2003;17(2):97-101.
34.
Snyder
L,
Sulmasy
DP.
Physician-assisted
suicide.
Annals
of
Internal
Medicine.
2001;135(3):209-16.
35.
WHO.
Palliative
care.
2007."
45,"40
36.
Sulmasy
DP,
Lynn
J.
End-of-life
care.
JAMA.
1997;277(23):1854-5.
37.
Cherny
NI,
Radbruch
L.
European
Association
for
Palliative
Care
(EAPC)
recommended
framework
for
the
use
of
sedation
in
palliative
care.
Palliative
Medicine.
2009;23(7):581-93.
38.
Graeff
AD,
Dean
M.
Palliative
sedation
therapy
in
the
last
weeks
of
life:
a
literature
review
and
recommendations
for
standards.
Journal
of
palliative
medicine.
2007;10(1):67-85.
39.
McIntyre
A.
Doctrine
of
double
effect.
2004.
40.
Wijdicks
EF.
The
diagnosis
of
brain
death.
New
England
Journal
of
Medicine.
2001;344(16):1215-21.
41.
Cate
FH.
Human
Organ
Transplantation:
The
Role
of
Law.
J
Corp
L.
1994;20:69.
42.
Donnelly
M.
Best
interests,
patient
participation
and
the
Mental
Capacity
Act
2005.
Medical
Law
Review.
2008;17(1):1-29.
43.
Elwyn
G,
Edwards
A,
Kinnersley
P,
Grol
R.
Shared
decision
making
and
the
concept
of
equipoise:
the
competences
of
involving
patients
in
healthcare
choices.
Br
J
Gen
Pract.
2000;50(460):892-9.
44.
Silveira
MJ,
Kim
SY,
Langa
KM.
Advance
directives
and
outcomes
of
surrogate
decision
making
before
death.
New
England
Journal
of
Medicine.
2010;362(13):1211-8.
45.
Schwab
AP.
Formal
and
effective
autonomy
in
healthcare.
Journal
of
medical
ethics.
2006;32(10):575-9.
46.
Pellegrino
ED.
For
the
patient’s
good:
The
restoration
of
beneficence
in
health
care.
1988.
47.
Gillon
R.
“
Primum
non
nocere”
and
the
principle
of
non-maleficence.
British
medical
journal
(Clinical
research
ed).
1985;291(6488):130.
48.
Daniels
N.
Justice,
health,
and
healthcare.
American
Journal
of
Bioethics.
2001;1(2):2-16."
46,"41
49.
Peppercorn
JM,
Smith
TJ,
Helft
PR,
DeBono
DJ,
Berry
SR,
Wollins
DS,
et
al.
American
society
of
clinical
oncology
statement:
toward
individualized
care
for
patients
with
advanced
cancer.
Journal
of
Clinical
Oncology.
2011;29(6):755-60.
50.
Cremer
R,
Hubert
P,
Grandbastien
B,
Moutel
G,
Leclerc
F.
Prevalence
of
questioning
regarding
life-sustaining
treatment
and
time
utilisation
by
forgoing
treatment
in
francophone
PICUs.
Intensive
care
medicine.
2011;37(10):1648.
51.
Bosslet
GT,
Pope
TM,
Rubenfeld
GD,
Lo
B,
Truog
RD,
Rushton
CH,
et
al.
An
official
ATS/AACN/ACCP/ESICM/SCCM
policy
statement:
responding
to
requests
for
potentially
inappropriate
treatments
in
intensive
care
units.
American
journal
of
respiratory
and
critical
care
medicine.
2015;191(11):1318-30.
52.
Jacobs
I,
Nadkarni
V,
Bahr
J,
Berg
RA,
Billi
JE,
Bossaert
L,
et
al.
Cardiac
arrest
and
cardiopulmonary
resuscitation
outcome
reports:
update
and
simplification
of
the
Utstein
templates
for
resuscitation
registries.:
A
statement
for
healthcare
professionals
from
a
task
force
of
the
international
liaison
committee
on
resuscitation
(American
Heart
Association,
European
Resuscitation
Council,
Australian
Resuscitation
Council,
New
Zealand
Resuscitation
Council,
Heart
and
Stroke
Foundation
of
Canada,
InterAmerican
Heart
Foundation,
Resuscitation
Council
of
Southern
Africa).
Resuscitation.
2004;63(3):233-49.
53.
Parker
M,
Cartwright
C.
Advance
care
planning
and
end
of
life
decision
making.
Australian
family
physician.
2004;33(10):815.
54.
Sprung
CL,
Truog
RD,
Curtis
JR,
Joynt
GM,
Baras
M,
Michalsen
A,
et
al.
Seeking
worldwide
professional
consensus
on
the
principles
of
end-of-life
care
for
the
critically
ill.
The
Consensus
for
Worldwide
End-of-Life
Practice
for
Patients
in
Intensive
Care
Units
(WELPICUS)
study.
American
journal
of
respiratory
and
critical
care
medicine.
2014;190(8):855-66.
55.
Downar
J,
Delaney
JW,
Hawryluck
L,
Kenny
L.
Guidelines
for
the
withdrawal
of
life-sustaining
measures.
Intensive
care
medicine.
2016;42(6):1003-17.
56.
Ebrahimi
N.
The
ethics
of
euthanasia.
Aust
Med
Stud
J.
2012;3:73-5.
57.
Weiss
M.
Illinois
Death
with
Dignity
Act:
A
Case
for
Legislating
Physician
Assisted
Suicide
and
Active
Euthanasia.
Ann
Health
L
Advance
Directive.
2014;23:13-198."
47,"42
58.
Jinaru
A.
The
practice
of
euthanasia–a
criminal
or
compassionate
act?
Knowledge
and
Action
within
the
Knowledge
Based
Society.
2012:149.
59.
Bosshard
G,
Nilstun
T,
Bilsen
J,
Norup
M,
Miccinesi
G,
Van
Delden
JJ,
et
al.
Forgoing
treatment
at
the
end
of
life
in
6
European
countries.
Archives
of
Internal
Medicine.
2005;165(4):401-7.
60.
Slomka
J.
The
negotiation
of
death:
clinical
decision
making
at
the
end
of
life.
Social
science
&
medicine.
1992;35(3):251-9.
61.
Ellershaw
J,
Ward
C,
Neuberger
J.
Care
of
the
dying
patient:
The
last
hours
or
days
of
life/Commentary:
A”
good
death”
is
possible
in
the
NHS.
British
Medical
Journal.
2003;326(7379):30.
62.
Mani
RK.
Coming
together
to
care
for
the
dying
in
India.
Indian
journal
of
critical
care
medicine:
2014;18(9):560.
63.
Mani
R,
Amin
P,
Chawla
R,
Divatia
J,
Kapadia
F,
Khilnani
P,
et
al.
Limiting
life-
prolonging
interventions
and
providing
palliative
care
towards
the
end-of-life
in
Indian
intensive
care
units.
Indian
Journal
of
Critical
Care
Medicine.
2005;9(2):96.
64.
Truog
RD,
Meyer
EC,
Burns
JP.
Toward
interventions
to
improve
end-of-life
care
in
the
pediatric
intensive
care
unit.
Critical
care
medicine.
2006;34(11):S373-S9.
65.
Cassell
EJ,
Rich
BA.
Intractable
End-of-Life
Suffering
and
the
Ethics
of
Palliative
Sedation.
Pain
Medicine.
2010;11(3):435-8.
66.
Rousseau
P.
Existential
suffering
and
palliative
sedation:
a
brief
commentary
with
a
proposal
for
clinical
guidelines.
Sage
Publications
Sage
CA:
Thousand
Oaks,
CA;
2001.
67.
Simpson
P,
Bates
D,
Bonner
S,
Costeloe
K,
Doyal
L,
Falvey
S,
et
al.
A
Code
of
Practice
for
the
Diagnosis
and
Confirmation
of
Death.
2008.
68.
Doyal
L.
The
moral
character
of
clinicians
or
the
best
interests
of
patients?:
Intention
alone
cannot
determine
the
morality
of
actions.
BMJ:
British
Medical
Journal.
1999;318(7196):1432.
69.
Greaney
N.
Mental
Capacity
Act
2005:
Law
Society
London;
2005."
48,"43
70.
Bartlett
P.
Blackstone’s
guide
to
the
Mental
Capacity
Act
2005.
2008.
71.
Coulter
A,
Edwards
A,
Elwyn
G,
Thomson
R.
Implementing
shared
decision
making
in
the
UK.
Zeitschrift
für
Evidenz,
Fortbildung
und
Qualität
im
Gesundheitswesen.
2011;105(4):300-4.
72.
Stiggelbout
AM,
Van
der
Weijden
T,
De
Wit
MP,
Frosch
D,
Légaré
F,
Montori
VM,
et
al.
Shared
decision
making:
really
putting
patients
at
the
centre
of
healthcare.
BMJ:
British
Medical
Journal
(Online).
2012;344.
73.
Teno
JM,
Gruneir
A,
Schwartz
Z,
Nanda
A,
Wetle
T.
Association
between
advance
directives
and
quality
of
end-of-life
care:
A
national
study.
Journal
of
the
American
Geriatrics
Society.
2007;55(2):189-94.
74.
Closen
ML,
Maloney
JE.
The
Health
Care
Surrogate
Act
in
Illinois:
Another
Rejection
of
Domestic
Partners’
Rights.
S
Ill
ULJ.
1994;19:479.
75.
Shroff
S.
Legal
and
ethical
aspects
of
organ
donation
and
transplantation.
Indian
Journal
of
Urology
:
IJU
:
Journal
of
the
Urological
Society
of
India.
2009;25(3):348-
55.
76.
O’Neill
RJ.
Surrogate
health
care
decisions
for
adults
in
Illinois-answers
to
the
legal
questions
that
health
care
providers
face
on
a
daily
basis.
Loy
U
Chi
LJ.
1997;29:411.
77.
Truog
RD,
Campbell
ML,
Curtis
JR,
Haas
CE,
Luce
JM,
Rubenfeld
GD,
et
al.
Recommendations
for
end-of-life
care
in
the
intensive
care
unit:
a
consensus
statement
by
the
American
College
of
Critical
Care
Medicine.
Critical
care
medicine.
2008;36(3):953-63.
78.
Beauchamp
TL,
Childress
JF.
Principles
of
biomedical
ethics:
Oxford
University
Press,
USA;
2001.
79.
Crippen
DW,
Kilcullen
JK,
Kelly
DF.
Three
patients:
international
perspective
on
intensive
care
at
the
end
of
life:
Springer
Science
&
Business
Media;
2002.
80.
Cook
D,
Rocker
G,
Heyland
D.
Dying
in
the
ICU:
strategies
that
may
improve
end-of-life
care.
Canadian
Journal
of
Anesthesia.
2004;51(3):266-72."
49,"44
81.
LAW
J.
Law
commission
of
India.
2006.
82.
Quill
TE,
Dresser
R,
Brock
DW.
The
rule
of
double
effect—a
critique
of
its
role
in
end-of-life
decision
making.
Mass
Medical
Soc;
1997.
83.
Thompson
BT,
Cox
PN,
Antonelli
M,
Carlet
JM,
Cassell
J,
Hill
NS,
et
al.
Challenges
in
end-of-life
care
in
the
ICU:
Statement
of
the
5th
International
Consensus
Conference
in
Critical
Care:
Brussels,
Belgium,
April
2003:
Executive
summary.
Critical
care
medicine.
2004;32(8):1781-4.
84.
Hall
RI,
Rocker
GM,
Murray
D.
Simple
changes
can
improve
conduct
of
end-of-life
care
in
the
intensive
care
unit.
Canadian
Journal
of
Anesthesia.
2004;51(6):631-6.
85.
National
Ethical
Guidelines
for
Biomedical
and
Health
Research
Involving
Human
Participants,
2017,
ICMR,
New
Delhi."
50,"45
A.
MEMBERS
OF
THE
ICMR
COMMISSION
CORE
GROUP
M
R
Rajagopal,
Pallium
India
and
TIPS,
Trivandrum
Nagesh
Simha,
Karunashraya
Hospice,
Bengaluru
Naveen
Salins,
Tata
Memorial
Centre,
Mumbai
Raj
Kumar
Mani,
Nayati
Medicity,
Mathura
Roli
Mathur,
National
Centre
for
Disease
Informatics
and
Research,
ICMR,
Bengaluru
Roop
Gursahani,
P.
D.
Hinduja
Hospital,
Mumbai
Shivakumar
Iyer,
Bharathi
Vidyapeeth
Medical
College,
Pune
Stanley
Macaden,
The
Christian
Medical
Association
of
India
(CMAI),
New
Delhi
MEMBERS
Anand
Grover,
Lawyers
Collective,
New
Delhi
Dhvani
Mehta,
Vidhi
centre
for
Legal
Policy,
New
Delhi
Nandini
K
Kumar,
Formerly
at
Indian
Council
of
Medical
Research,
New
Delhi
Nandini
Vallath,
Trivandrum
Institute
of
Palliative
Sciences,
Thiruvananthapuram
Priyadarshini
Kulkarni,
Simpatico
Palliative
Connect,
Pune
Sanjay
Mehendale,
Indian
Council
of
Medical
Research,
New
Delhi
Sunita
Bandewar,
Independent
Sr
Research
Professional
and
Consultant,
Pune
Tripti
Tandon,
Lawyers
Collective,
New
Delhi
Vasantha
Muthuswamy,
Formerly
at
Indian
Council
of
Medical
Research,
New
Delhi
Vijay
Kumar,
Indian
Council
of
Medical
Research,
New
Delhi
Vimal
Bhandari,
National
Organ
and
Tissue
Transplant
Organization,
New
Delhi
B.
ICMR
SECRETARIAT
Kalyani
Thakur,
National
Centre
for
Disease
Informatics
and
Research,
Bengaluru
Rajib
Kishore
Hazam,
National
Centre
for
Disease
Informatics
and
Research,
Bengaluru
ANNEX
1"
